{
"width": 4928, "height": 3264,
"format": "jpg",
"type":"hsh",
"colorspace":"rgb",
"lights": [0.161, 0.380, 0.911, 0.404, 0.237, 0.883, 0.485, -0.031, 0.874, 0.339, -0.330, 0.881, 0.035, -0.488, 0.872, -0.269, -0.372, 0.888, -0.380, -0.045, 0.924, -0.167, 0.262, 0.951, 0.339, 0.417, 0.843, 0.589, 0.145, 0.795, 0.531, -0.271, 0.803, 0.244, -0.537, 0.808, -0.199, -0.553, 0.809, -0.474, -0.283, 0.834, -0.412, 0.186, 0.892, -0.046, 0.483, 0.874, 0.181, 0.588, 0.788, 0.546, 0.361, 0.756, 0.670, -0.037, 0.742, 0.496, -0.473, 0.728, 0.031, -0.684, 0.729, -0.425, -0.503, 0.753, -0.606, -0.072, 0.792, -0.315, 0.476, 0.821, 0.445, 0.567, 0.693, 0.732, 0.197, 0.652, 0.677, -0.309, 0.668, 0.311, -0.691, 0.652, -0.196, -0.720, 0.666, -0.617, 0.267, 0.741, -0.091, 0.677, 0.731, 0.212, 0.776, 0.594, 0.683, 0.447, 0.578, 0.820, -0.040, 0.571, 0.596, -0.540, 0.595, 0.070, -0.831, 0.552, -0.507, -0.641, 0.576, -0.791, -0.051, 0.610, -0.440, 0.634, 0.636, 0.514, 0.713, 0.477, 0.857, 0.219, 0.467, 0.834, -0.331, 0.441, 0.379, -0.816, 0.436, -0.228, -0.858, 0.460, -0.782, -0.396, 0.482, -0.791, 0.366, 0.489, -0.139, 0.863, 0.485],
"nplanes": 27,
"quality": 95,
"materials": [
{
 "scale": [2.26986,2.29649,2.21324,1.06937,1.09393,1.1178,2.1587,2.18259,2.19132,1.08272,1.09917,1.12903,0.638249,0.639605,0.641229,0.839204,0.892838,0.869554,1.42476,1.44777,1.39166,0.81952,0.820022,0.80411,0.674793,0.681769,0.698619],
 "bias": [0.040928,0.0450794,0.0373184,0.514107,0.5194,0.526581,0.479655,0.472518,0.464216,0.463371,0.463462,0.458996,0.507163,0.510352,0.503217,0.507748,0.494882,0.518141,0.397896,0.41019,0.410224,0.510154,0.507171,0.512049,0.474095,0.479348,0.485387] }
]
}
